{"_runtime":787.118297147,"_step":32489,"_wandb":{"runtime":787},"loss":0.5448217391967773,"_timestamp":1.7382417804226556e+09}