{"_wandb":{"runtime":73},"_timestamp":1.7382434913052626e+09,"_runtime":72.978060583,"_step":939,"loss":2.1377997398376465}