{"_timestamp":1.738240773445123e+09,"_runtime":1.242283717,"_step":149,"_wandb":{"runtime":1},"loss":2.035567283630371}