{"_timestamp":1.7382461085337958e+09,"_runtime":2504.455405199,"_step":20768,"_wandb":{"runtime":2505},"loss":0.7604214549064636}