{"loss":1.993090033531189,"_timestamp":1.7382408572792878e+09,"_runtime":1.106626398,"_step":149,"_wandb":{"runtime":1}}