{"loss":0.9312878251075745,"_timestamp":1.7382466843690531e+09,"_runtime":53.488977575,"_wandb":{"runtime":53},"_step":3689}