{"_runtime":15.585402302,"_step":2214,"_wandb":{"runtime":15},"loss":1.3283346891403198,"_timestamp":1.7382433429921234e+09}